{"cameraMode":{"drawMode":0,"name":"Shaded","section":"Shading Mode"},"sceneLighting":false,"audioPlay":false,"sceneViewState":{"showFog":true,"showMaterialUpdate":false,"showSkybox":false,"showFlares":true,"showImageEffects":true,"showParticleSystems":true},"in2DMode":false,"pivot":{"x":-0.435147762298584,"y":12.478974342346192,"z":11.820381164550782},"rotation":{"x":0.09558667242527008,"y":-0.7907735109329224,"z":0.12791529297828675,"w":0.5909129977226257},"size":2.3442180156707765,"orthographic":false}