{"cameraMode":{"drawMode":0,"name":"Shaded","section":"Shading Mode"},"sceneLighting":true,"audioPlay":false,"sceneViewState":{"showFog":true,"showMaterialUpdate":false,"showSkybox":true,"showFlares":true,"showImageEffects":true,"showParticleSystems":true},"in2DMode":false,"pivot":{"x":-0.45370185375213625,"y":1.6081974506378174,"z":-1.7723379135131837},"rotation":{"x":0.0015908044297248126,"y":0.9953684210777283,"z":-0.09465516358613968,"w":0.016724111512303354},"size":18.006942749023439,"orthographic":false}