{"cameraMode":{"drawMode":0,"name":"Shaded","section":"Shading Mode"},"sceneLighting":true,"audioPlay":false,"sceneViewState":{"showFog":true,"showMaterialUpdate":false,"showSkybox":true,"showFlares":true,"showImageEffects":true,"showParticleSystems":true},"in2DMode":false,"pivot":{"x":470.30889892578127,"y":214.24549865722657,"z":259.433837890625},"rotation":{"x":-0.020654644817113878,"y":-0.05309523642063141,"z":-0.001098817097954452,"w":0.9983752369880676},"size":2009.385986328125,"orthographic":false}