{"cameraMode":{"drawMode":0,"name":"Shaded","section":"Shading Mode"},"sceneLighting":true,"audioPlay":false,"sceneViewState":{"showFog":true,"showMaterialUpdate":false,"showSkybox":true,"showFlares":true,"showImageEffects":true,"showParticleSystems":true},"in2DMode":false,"pivot":{"x":6.209117889404297,"y":30.681625366210939,"z":28.074485778808595},"rotation":{"x":0.45998692512512209,"y":0.3756650984287262,"z":-0.22359058260917664,"w":0.7728487253189087},"size":75.84606170654297,"orthographic":false}