{"cameraMode":{"drawMode":0,"name":"Shaded","section":"Shading Mode"},"sceneLighting":true,"audioPlay":false,"sceneViewState":{"showFog":true,"showMaterialUpdate":false,"showSkybox":true,"showFlares":true,"showImageEffects":true,"showParticleSystems":true},"in2DMode":false,"pivot":{"x":566.171142578125,"y":218.6970977783203,"z":9.9818115234375},"rotation":{"x":0.027310200035572053,"y":-0.009627914056181908,"z":0.0002625403576530516,"w":0.9995806217193604},"size":818.3243408203125,"orthographic":false}