{"cameraMode":{"drawMode":0,"name":"Shaded","section":"Shading Mode"},"sceneLighting":true,"audioPlay":false,"sceneViewState":{"showFog":true,"showMaterialUpdate":false,"showSkybox":true,"showFlares":true,"showImageEffects":true,"showParticleSystems":true},"in2DMode":false,"pivot":{"x":-3.320469856262207,"y":6.588852405548096,"z":0.6759881973266602},"rotation":{"x":0.03193084895610809,"y":-0.8946853280067444,"z":0.06480658054351807,"w":0.4408160448074341},"size":22.0,"orthographic":false}